{"cameraMode":{"drawMode":0,"name":"Shaded","section":"Shading Mode"},"sceneLighting":false,"audioPlay":false,"sceneViewState":{"showFog":false,"showMaterialUpdate":false,"showSkybox":false,"showFlares":false,"showImageEffects":false,"showParticleSystems":false},"in2DMode":false,"pivot":{"x":-0.21092845499515534,"y":1.3322978019714356,"z":-0.6981874108314514},"rotation":{"x":0.00006010615834384225,"y":-0.9992885589599609,"z":0.004505491815507412,"w":0.04317687451839447},"size":2.8578836917877199,"orthographic":false}