{"cameraMode":{"drawMode":0,"name":"Shaded","section":"Shading Mode"},"sceneLighting":false,"audioPlay":false,"sceneViewState":{"showFog":false,"showMaterialUpdate":false,"showSkybox":false,"showFlares":false,"showImageEffects":false,"showParticleSystems":false},"in2DMode":false,"pivot":{"x":54.26007843017578,"y":13.087068557739258,"z":17.255590438842775},"rotation":{"x":0.03760768845677376,"y":-0.7376607060432434,"z":0.050068747252225879,"w":0.6734817028045654},"size":13.161867141723633,"orthographic":false}