{"cameraMode":{"drawMode":0,"name":"Shaded","section":"Shading Mode"},"sceneLighting":false,"audioPlay":false,"sceneViewState":{"showFog":false,"showMaterialUpdate":false,"showSkybox":false,"showFlares":false,"showImageEffects":false,"showParticleSystems":false},"in2DMode":false,"pivot":{"x":-3.579590320587158,"y":0.6893622279167175,"z":-1.9031468629837037},"rotation":{"x":-0.11230511218309403,"y":0.5009344220161438,"z":-0.06580273061990738,"w":-0.855912446975708},"size":2.8578836917877199,"orthographic":false}