{"cameraMode":{"drawMode":0,"name":"Shaded","section":"Shading Mode"},"sceneLighting":true,"audioPlay":false,"sceneViewState":{"showFog":false,"showMaterialUpdate":false,"showSkybox":false,"showFlares":false,"showImageEffects":false,"showParticleSystems":false},"in2DMode":false,"pivot":{"x":27.242971420288087,"y":13.64696216583252,"z":22.20699691772461},"rotation":{"x":-0.042499739676713946,"y":0.9565389752388,"z":-0.1800420880317688,"w":-0.22679762542247773},"size":11.349614143371582,"orthographic":false}