{"cameraMode":{"drawMode":0,"name":"Shaded","section":"Shading Mode"},"sceneLighting":true,"audioPlay":false,"sceneViewState":{"showFog":false,"showMaterialUpdate":false,"showSkybox":false,"showFlares":false,"showImageEffects":false,"showParticleSystems":false},"in2DMode":false,"pivot":{"x":-34.702945709228519,"y":12.358996391296387,"z":23.188919067382814},"rotation":{"x":0.00024117784050758928,"y":-0.16722321510314942,"z":-0.0026108978781849148,"w":-0.9866811633110046},"size":3.234471321105957,"orthographic":false}