{"cameraMode":{"drawMode":0,"name":"Shaded","section":"Shading Mode"},"sceneLighting":true,"audioPlay":false,"sceneViewState":{"showFog":false,"showMaterialUpdate":false,"showSkybox":false,"showFlares":false,"showImageEffects":false,"showParticleSystems":false},"in2DMode":false,"pivot":{"x":0.3689842224121094,"y":18.047060012817384,"z":115.18029022216797},"rotation":{"x":-0.06699977815151215,"y":-0.438321053981781,"z":0.028735948726534845,"w":-0.8966804146766663},"size":46.1772575378418,"orthographic":false}