{"cameraMode":{"drawMode":0,"name":"Shaded","section":"Shading Mode"},"sceneLighting":false,"audioPlay":false,"sceneViewState":{"showFog":false,"showMaterialUpdate":false,"showSkybox":false,"showFlares":false,"showImageEffects":false,"showParticleSystems":false},"in2DMode":false,"pivot":{"x":-2.7928762435913088,"y":0.2984772324562073,"z":8.04818344116211},"rotation":{"x":-0.08323533833026886,"y":-0.3369833827018738,"z":0.02981654182076454,"w":-0.9376776218414307},"size":2.8578898906707765,"orthographic":false}