{"cameraMode":{"drawMode":0,"name":"Shaded","section":"Shading Mode"},"sceneLighting":false,"audioPlay":false,"sceneViewState":{"showFog":false,"showMaterialUpdate":false,"showSkybox":false,"showFlares":false,"showImageEffects":false,"showParticleSystems":false},"in2DMode":false,"pivot":{"x":30.382709503173829,"y":17.218421936035158,"z":30.866933822631837},"rotation":{"x":0.014069103635847569,"y":0.44750314950942995,"z":0.0035802663769572975,"w":-0.8949615955352783},"size":13.78329086303711,"orthographic":false}